username,password
user1,user11234
user2,user21234
user3,user31234
user4,user41234
user5,user51234
user6,user61234
user7,user71234
user8,user81234
user9,user91234
user10,user101234
user11,user111234
user12,user121234
user13,user131234
user14,user141234
user15,user151234
user16,user161234
user17,user171234
user18,user181234
user19,user191234
user20,user201234
user21,user211234
user22,user221234
user23,user231234
user24,user241234
user25,user251234
user26,user261234
user27,user271234
user28,user281234
user29,user291234
user30,user301234
user31,user311234
user32,user321234
user33,user331234
user34,user341234
user35,user351234
user36,user361234
user37,user371234
user38,user381234
user39,user391234
user40,user401234
user41,user411234
user42,user421234
user43,user431234
user44,user441234
user45,user451234
user46,user461234
user47,user471234
user48,user481234
user49,user491234
user50,user501234
user51,user511234
user52,user521234
user53,user531234
user54,user541234
user55,user551234
user56,user561234
user57,user571234
user58,user581234
user59,user591234
user60,user601234
user61,user611234
user62,user621234
user63,user631234
user64,user641234
user65,user651234
user66,user661234
user67,user671234
user68,user681234
user69,user691234
user70,user701234
user71,user711234
user72,user721234
user73,user731234
user74,user741234
user75,user751234
user76,user761234
user77,user771234
user78,user781234
user79,user791234
user80,user801234
user81,user811234
user82,user821234
user83,user831234
user84,user841234
user85,user851234
user86,user861234
user87,user871234
user88,user881234
user89,user891234
user90,user901234
user91,user911234
user92,user921234
user93,user931234
user94,user941234
user95,user951234
user96,user961234
user97,user971234
user98,user981234
user99,user991234
user100,user1001234
user101,user1011234
user102,user1021234
user103,user1031234
user104,user1041234
user105,user1051234
user106,user1061234
user107,user1071234
user108,user1081234
user109,user1091234
user110,user1101234
user111,user1111234
user112,user1121234
user113,user1131234
user114,user1141234
user115,user1151234
user116,user1161234
user117,user1171234
user118,user1181234
user119,user1191234
user120,user1201234
user121,user1211234
user122,user1221234
user123,user1231234
user124,user1241234
user125,user1251234
user126,user1261234
user127,user1271234
user128,user1281234
user129,user1291234
user130,user1301234
user131,user1311234
user132,user1321234
user133,user1331234
user134,user1341234
user135,user1351234
user136,user1361234
user137,user1371234
user138,user1381234
user139,user1391234
user140,user1401234
user141,user1411234
user142,user1421234
user143,user1431234
user144,user1441234
user145,user1451234
user146,user1461234
user147,user1471234
user148,user1481234
user149,user1491234
user150,user1501234
user151,user1511234
user152,user1521234
user153,user1531234
user154,user1541234
user155,user1551234
user156,user1561234
user157,user1571234
user158,user1581234
user159,user1591234
user160,user1601234
user161,user1611234
user162,user1621234
user163,user1631234
user164,user1641234
user165,user1651234
user166,user1661234
user167,user1671234
user168,user1681234
user169,user1691234
user170,user1701234
user171,user1711234
user172,user1721234
user173,user1731234
user174,user1741234
user175,user1751234
user176,user1761234
user177,user1771234
user178,user1781234
user179,user1791234
user180,user1801234
user181,user1811234
user182,user1821234
user183,user1831234
user184,user1841234
user185,user1851234
user186,user1861234
user187,user1871234
user188,user1881234
user189,user1891234
user190,user1901234
user191,user1911234
user192,user1921234
user193,user1931234
user194,user1941234
user195,user1951234
user196,user1961234
user197,user1971234
user198,user1981234
user199,user1991234
user200,user2001234
user201,user2011234
user202,user2021234
user203,user2031234
user204,user2041234
user205,user2051234
user206,user2061234
user207,user2071234
user208,user2081234
user209,user2091234
user210,user2101234
user211,user2111234
user212,user2121234
user213,user2131234
user214,user2141234
user215,user2151234
user216,user2161234
user217,user2171234
user218,user2181234
user219,user2191234
user220,user2201234
user221,user2211234
user222,user2221234
user223,user2231234
user224,user2241234
user225,user2251234
user226,user2261234
user227,user2271234
user228,user2281234
user229,user2291234
user230,user2301234
user231,user2311234
user232,user2321234
user233,user2331234
user234,user2341234
user235,user2351234
user236,user2361234
user237,user2371234
user238,user2381234
user239,user2391234
user240,user2401234
user241,user2411234
user242,user2421234
user243,user2431234
user244,user2441234
user245,user2451234
user246,user2461234
user247,user2471234
user248,user2481234
user249,user2491234
user250,user2501234
user251,user2511234
user252,user2521234
user253,user2531234
user254,user2541234
user255,user2551234
user256,user2561234
user257,user2571234
user258,user2581234
user259,user2591234
user260,user2601234
user261,user2611234
user262,user2621234
user263,user2631234
user264,user2641234
user265,user2651234
user266,user2661234
user267,user2671234
user268,user2681234
user269,user2691234
user270,user2701234
user271,user2711234
user272,user2721234
user273,user2731234
user274,user2741234
user275,user2751234
user276,user2761234
user277,user2771234
user278,user2781234
user279,user2791234
user280,user2801234
user281,user2811234
user282,user2821234
user283,user2831234
user284,user2841234
user285,user2851234
user286,user2861234
user287,user2871234
user288,user2881234
user289,user2891234
user290,user2901234
user291,user2911234
user292,user2921234
user293,user2931234
user294,user2941234
user295,user2951234
user296,user2961234
user297,user2971234
user298,user2981234
user299,user2991234
user300,user3001234
user301,user3011234
user302,user3021234
user303,user3031234
user304,user3041234
user305,user3051234
user306,user3061234
user307,user3071234
user308,user3081234
user309,user3091234
user310,user3101234
user311,user3111234
user312,user3121234
user313,user3131234
user314,user3141234
user315,user3151234
user316,user3161234
user317,user3171234
user318,user3181234
user319,user3191234
user320,user3201234
user321,user3211234
user322,user3221234
user323,user3231234
user324,user3241234
user325,user3251234
user326,user3261234
user327,user3271234
user328,user3281234
user329,user3291234
user330,user3301234
user331,user3311234
user332,user3321234
user333,user3331234
user334,user3341234
user335,user3351234
user336,user3361234
user337,user3371234
user338,user3381234
user339,user3391234
user340,user3401234
user341,user3411234
user342,user3421234
user343,user3431234
user344,user3441234
user345,user3451234
user346,user3461234
user347,user3471234
user348,user3481234
user349,user3491234
user350,user3501234
user351,user3511234
user352,user3521234
user353,user3531234
user354,user3541234
user355,user3551234
user356,user3561234
user357,user3571234
user358,user3581234
user359,user3591234
user360,user3601234
user361,user3611234
user362,user3621234
user363,user3631234
user364,user3641234
user365,user3651234
user366,user3661234
user367,user3671234
user368,user3681234
user369,user3691234
user370,user3701234
user371,user3711234
user372,user3721234
user373,user3731234
user374,user3741234
user375,user3751234
user376,user3761234
user377,user3771234
user378,user3781234
user379,user3791234
user380,user3801234
user381,user3811234
user382,user3821234
user383,user3831234
user384,user3841234
user385,user3851234
user386,user3861234
user387,user3871234
user388,user3881234
user389,user3891234
user390,user3901234
user391,user3911234
user392,user3921234
user393,user3931234
user394,user3941234
user395,user3951234
user396,user3961234
user397,user3971234
user398,user3981234
user399,user3991234
user400,user4001234
user401,user4011234
user402,user4021234
user403,user4031234
user404,user4041234
user405,user4051234
user406,user4061234
user407,user4071234
user408,user4081234
user409,user4091234
user410,user4101234
user411,user4111234
user412,user4121234
user413,user4131234
user414,user4141234
user415,user4151234
user416,user4161234
user417,user4171234
user418,user4181234
user419,user4191234
user420,user4201234
user421,user4211234
user422,user4221234
user423,user4231234
user424,user4241234
user425,user4251234
user426,user4261234
user427,user4271234
user428,user4281234
user429,user4291234
user430,user4301234
user431,user4311234
user432,user4321234
user433,user4331234
user434,user4341234
user435,user4351234
user436,user4361234
user437,user4371234
user438,user4381234
user439,user4391234
user440,user4401234
user441,user4411234
user442,user4421234
user443,user4431234
user444,user4441234
user445,user4451234
user446,user4461234
user447,user4471234
user448,user4481234
user449,user4491234
user450,user4501234
user451,user4511234
user452,user4521234
user453,user4531234
user454,user4541234
user455,user4551234
user456,user4561234
user457,user4571234
user458,user4581234
user459,user4591234
user460,user4601234
user461,user4611234
user462,user4621234
user463,user4631234
user464,user4641234
user465,user4651234
user466,user4661234
user467,user4671234
user468,user4681234
user469,user4691234
user470,user4701234
user471,user4711234
user472,user4721234
user473,user4731234
user474,user4741234
user475,user4751234
user476,user4761234
user477,user4771234
user478,user4781234
user479,user4791234
user480,user4801234
user481,user4811234
user482,user4821234
user483,user4831234
user484,user4841234
user485,user4851234
user486,user4861234
user487,user4871234
user488,user4881234
user489,user4891234
user490,user4901234
user491,user4911234
user492,user4921234
user493,user4931234
user494,user4941234
user495,user4951234
user496,user4961234
user497,user4971234
user498,user4981234
user499,user4991234
user500,user5001234
user501,user5011234
user502,user5021234
user503,user5031234
user504,user5041234
user505,user5051234
user506,user5061234
user507,user5071234
user508,user5081234
user509,user5091234
user510,user5101234
user511,user5111234
user512,user5121234
user513,user5131234
user514,user5141234
user515,user5151234
user516,user5161234
user517,user5171234
user518,user5181234
user519,user5191234
user520,user5201234
user521,user5211234
user522,user5221234
user523,user5231234
user524,user5241234
user525,user5251234
user526,user5261234
user527,user5271234
user528,user5281234
user529,user5291234
user530,user5301234
user531,user5311234
user532,user5321234
user533,user5331234
user534,user5341234
user535,user5351234
user536,user5361234
user537,user5371234
user538,user5381234
user539,user5391234
user540,user5401234
user541,user5411234
user542,user5421234
user543,user5431234
user544,user5441234
user545,user5451234
user546,user5461234
user547,user5471234
user548,user5481234
user549,user5491234
user550,user5501234
user551,user5511234
user552,user5521234
user553,user5531234
user554,user5541234
user555,user5551234
user556,user5561234
user557,user5571234
user558,user5581234
user559,user5591234
user560,user5601234
user561,user5611234
user562,user5621234
user563,user5631234
user564,user5641234
user565,user5651234
user566,user5661234
user567,user5671234
user568,user5681234
user569,user5691234
user570,user5701234
user571,user5711234
user572,user5721234
user573,user5731234
user574,user5741234
user575,user5751234
user576,user5761234
user577,user5771234
user578,user5781234
user579,user5791234
user580,user5801234
user581,user5811234
user582,user5821234
user583,user5831234
user584,user5841234
user585,user5851234
user586,user5861234
user587,user5871234
user588,user5881234
user589,user5891234
user590,user5901234
user591,user5911234
user592,user5921234
user593,user5931234
user594,user5941234
user595,user5951234
user596,user5961234
user597,user5971234
user598,user5981234
user599,user5991234
user600,user6001234
user601,user6011234
user602,user6021234
user603,user6031234
user604,user6041234
user605,user6051234
user606,user6061234
user607,user6071234
user608,user6081234
user609,user6091234
user610,user6101234
user611,user6111234
user612,user6121234
user613,user6131234
user614,user6141234
user615,user6151234
user616,user6161234
user617,user6171234
user618,user6181234
user619,user6191234
user620,user6201234
user621,user6211234
user622,user6221234
user623,user6231234
user624,user6241234
user625,user6251234
user626,user6261234
user627,user6271234
user628,user6281234
user629,user6291234
user630,user6301234
user631,user6311234
user632,user6321234
user633,user6331234
user634,user6341234
user635,user6351234
user636,user6361234
user637,user6371234
user638,user6381234
user639,user6391234
user640,user6401234
user641,user6411234
user642,user6421234
user643,user6431234
user644,user6441234
user645,user6451234
user646,user6461234
user647,user6471234
user648,user6481234
user649,user6491234
user650,user6501234
user651,user6511234
user652,user6521234
user653,user6531234
user654,user6541234
user655,user6551234
user656,user6561234
user657,user6571234
user658,user6581234
user659,user6591234
user660,user6601234
user661,user6611234
user662,user6621234
user663,user6631234
user664,user6641234
user665,user6651234
user666,user6661234
user667,user6671234
user668,user6681234
user669,user6691234
user670,user6701234
user671,user6711234
user672,user6721234
user673,user6731234
user674,user6741234
user675,user6751234
user676,user6761234
user677,user6771234
user678,user6781234
user679,user6791234
user680,user6801234
user681,user6811234
user682,user6821234
user683,user6831234
user684,user6841234
user685,user6851234
user686,user6861234
user687,user6871234
user688,user6881234
user689,user6891234
user690,user6901234
user691,user6911234
user692,user6921234
user693,user6931234
user694,user6941234
user695,user6951234
user696,user6961234
user697,user6971234
user698,user6981234
user699,user6991234
user700,user7001234
user701,user7011234
user702,user7021234
user703,user7031234
user704,user7041234
user705,user7051234
user706,user7061234
user707,user7071234
user708,user7081234
user709,user7091234
user710,user7101234
user711,user7111234
user712,user7121234
user713,user7131234
user714,user7141234
user715,user7151234
user716,user7161234
user717,user7171234
user718,user7181234
user719,user7191234
user720,user7201234
user721,user7211234
user722,user7221234
user723,user7231234
user724,user7241234
user725,user7251234
user726,user7261234
user727,user7271234
user728,user7281234
user729,user7291234
user730,user7301234
user731,user7311234
user732,user7321234
user733,user7331234
user734,user7341234
user735,user7351234
user736,user7361234
user737,user7371234
user738,user7381234
user739,user7391234
user740,user7401234
user741,user7411234
user742,user7421234
user743,user7431234
user744,user7441234
user745,user7451234
user746,user7461234
user747,user7471234
user748,user7481234
user749,user7491234
user750,user7501234
user751,user7511234
user752,user7521234
user753,user7531234
user754,user7541234
user755,user7551234
user756,user7561234
user757,user7571234
user758,user7581234
user759,user7591234
user760,user7601234
user761,user7611234
user762,user7621234
user763,user7631234
user764,user7641234
user765,user7651234
user766,user7661234
user767,user7671234
user768,user7681234
user769,user7691234
user770,user7701234
user771,user7711234
user772,user7721234
user773,user7731234
user774,user7741234
user775,user7751234
user776,user7761234
user777,user7771234
user778,user7781234
user779,user7791234
user780,user7801234
user781,user7811234
user782,user7821234
user783,user7831234
user784,user7841234
user785,user7851234
user786,user7861234
user787,user7871234
user788,user7881234
user789,user7891234
user790,user7901234
user791,user7911234
user792,user7921234
user793,user7931234
user794,user7941234
user795,user7951234
user796,user7961234
user797,user7971234
user798,user7981234
user799,user7991234
user800,user8001234
user801,user8011234
user802,user8021234
user803,user8031234
user804,user8041234
user805,user8051234
user806,user8061234
user807,user8071234
user808,user8081234
user809,user8091234
user810,user8101234
user811,user8111234
user812,user8121234
user813,user8131234
user814,user8141234
user815,user8151234
user816,user8161234
user817,user8171234
user818,user8181234
user819,user8191234
user820,user8201234
user821,user8211234
user822,user8221234
user823,user8231234
user824,user8241234
user825,user8251234
user826,user8261234
user827,user8271234
user828,user8281234
user829,user8291234
user830,user8301234
user831,user8311234
user832,user8321234
user833,user8331234
user834,user8341234
user835,user8351234
user836,user8361234
user837,user8371234
user838,user8381234
user839,user8391234
user840,user8401234
user841,user8411234
user842,user8421234
user843,user8431234
user844,user8441234
user845,user8451234
user846,user8461234
user847,user8471234
user848,user8481234
user849,user8491234
user850,user8501234
user851,user8511234
user852,user8521234
user853,user8531234
user854,user8541234
user855,user8551234
user856,user8561234
user857,user8571234
user858,user8581234
user859,user8591234
user860,user8601234
user861,user8611234
user862,user8621234
user863,user8631234
user864,user8641234
user865,user8651234
user866,user8661234
user867,user8671234
user868,user8681234
user869,user8691234
user870,user8701234
user871,user8711234
user872,user8721234
user873,user8731234
user874,user8741234
user875,user8751234
user876,user8761234
user877,user8771234
user878,user8781234
user879,user8791234
user880,user8801234
user881,user8811234
user882,user8821234
user883,user8831234
user884,user8841234
user885,user8851234
user886,user8861234
user887,user8871234
user888,user8881234
user889,user8891234
user890,user8901234
user891,user8911234
user892,user8921234
user893,user8931234
user894,user8941234
user895,user8951234
user896,user8961234
user897,user8971234
user898,user8981234
user899,user8991234
user900,user9001234
user901,user9011234
user902,user9021234
user903,user9031234
user904,user9041234
user905,user9051234
user906,user9061234
user907,user9071234
user908,user9081234
user909,user9091234
user910,user9101234
user911,user9111234
user912,user9121234
user913,user9131234
user914,user9141234
user915,user9151234
user916,user9161234
user917,user9171234
user918,user9181234
user919,user9191234
user920,user9201234
user921,user9211234
user922,user9221234
user923,user9231234
user924,user9241234
user925,user9251234
user926,user9261234
user927,user9271234
user928,user9281234
user929,user9291234
user930,user9301234
user931,user9311234
user932,user9321234
user933,user9331234
user934,user9341234
user935,user9351234
user936,user9361234
user937,user9371234
user938,user9381234
user939,user9391234
user940,user9401234
user941,user9411234
user942,user9421234
user943,user9431234
user944,user9441234
user945,user9451234
user946,user9461234
user947,user9471234
user948,user9481234
user949,user9491234
user950,user9501234
user951,user9511234
user952,user9521234
user953,user9531234
user954,user9541234
user955,user9551234
user956,user9561234
user957,user9571234
user958,user9581234
user959,user9591234
user960,user9601234
user961,user9611234
user962,user9621234
user963,user9631234
user964,user9641234
user965,user9651234
user966,user9661234
user967,user9671234
user968,user9681234
user969,user9691234
user970,user9701234
user971,user9711234
user972,user9721234
user973,user9731234
user974,user9741234
user975,user9751234
user976,user9761234
user977,user9771234
user978,user9781234
user979,user9791234
user980,user9801234
user981,user9811234
user982,user9821234
user983,user9831234
user984,user9841234
user985,user9851234
user986,user9861234
user987,user9871234
user988,user9881234
user989,user9891234
user990,user9901234
user991,user9911234
user992,user9921234
user993,user9931234
user994,user9941234
user995,user9951234
user996,user9961234
user997,user9971234
user998,user9981234
user999,user9991234
user1000,user10001234
